{
  "feature_order": [
    "mrna_length",
    "fA",
    "fU",
    "fG",
    "fC",
    "au_content",
    "gc_content",
    "di_AA",
    "di_AU",
    "di_AG",
    "di_AC",
    "di_UA",
    "di_UU",
    "di_UG",
    "di_UC",
    "di_GA",
    "di_GU",
    "di_GG",
    "di_GC",
    "di_CA",
    "di_CU",
    "di_CG",
    "di_CC",
    "utr5_length",
    "utr3_length",
    "cds_length",
    "utr5_fraction",
    "utr3_fraction",
    "cds_fraction",
    "utr3_au_content",
    "rrach_count",
    "rrach_per_kb",
    "aaach_count",
    "aaach_per_kb",
    "mfe",
    "mfe_per_nt",
    "frac_paired",
    "n_stemloops",
    "n_stemloops_per_kb",
    "long_3utr",
    "ptc_proxy",
    "rmsf_mean",
    "rmsf_std",
    "rmsf_max",
    "rmsf_nterm50",
    "rmsf_cterm50",
    "rg_mean",
    "rg_std",
    "rg_cv",
    "contact_density",
    "packing_density",
    "sasa_per_residue",
    "pass_rate",
    "n_residues",
    "idr_percent",
    "mean_disorder",
    "max_disorder_window",
    "n_idr_regions",
    "longest_idr_region",
    "rmsf_nterm_cterm_ratio",
    "utr3_au_x_length"
  ],
  "medians": {
    "mrna_length": 1356.0,
    "fA": 0.2879569631260881,
    "fU": 0.2940705219328724,
    "fG": 0.21834265964450295,
    "fC": 0.19609828897667192,
    "au_content": 0.5837204935622318,
    "gc_content": 0.41627950643776823,
    "di_AA": 0.0949223878779033,
    "di_AU": 0.0745233968804159,
    "di_AG": 0.06746685397319965,
    "di_AC": 0.04950932759058395,
    "di_UA": 0.05434518912305125,
    "di_UU": 0.09645566228757904,
    "di_UG": 0.07140580897751064,
    "di_UC": 0.06999201600225335,
    "di_GA": 0.07660013416329364,
    "di_GU": 0.05525663108036895,
    "di_GG": 0.0461882384115371,
    "di_GC": 0.039022142099237545,
    "di_CA": 0.06195009809467635,
    "di_CU": 0.0657977493022125,
    "di_CG": 0.030459618925927252,
    "di_CC": 0.036398686230712296,
    "utr5_length": 160.0,
    "utr3_length": 266.0,
    "cds_length": 861.0,
    "utr5_fraction": 0.11394944871273724,
    "utr3_fraction": 0.2,
    "cds_fraction": 0.6541806737715471,
    "utr3_au_content": 0.67205,
    "rrach_count": 18.0,
    "rrach_per_kb": 13.023279764289772,
    "aaach_count": 7.0,
    "aaach_per_kb": 5.176017926721366,
    "mfe": -346.9,
    "mfe_per_nt": -0.2627247579529737,
    "frac_paired": 0.6168,
    "n_stemloops": 23.0,
    "n_stemloops_per_kb": 17.15592832634388,
    "long_3utr": 0.0,
    "ptc_proxy": 0.0,
    "rmsf_mean": 11.0494,
    "rmsf_std": 5.6907,
    "rmsf_max": 37.1402,
    "rmsf_nterm50": 16.041,
    "rmsf_cterm50": 10.8112,
    "rg_mean": 29.0431,
    "rg_std": 3.4281,
    "rg_cv": 0.1132,
    "contact_density": 8.5714,
    "packing_density": 27.5481,
    "sasa_per_residue": 36.3121,
    "pass_rate": 0.71,
    "n_residues": 292.0,
    "idr_percent": 10.57,
    "mean_disorder": 0.2568,
    "max_disorder_window": 0.6399,
    "n_idr_regions": 2.0,
    "longest_idr_region": 21.0,
    "rmsf_nterm_cterm_ratio": 1.284218221555538,
    "utr3_au_x_length": 180.0018
  }
}